{"device_id": "pi-entrance-01", "embedding": [0.0366784, -0.1923204, 0.017435, 0.0354059, 0.1706717, 0.038346, -0.097919, 0.1267382, -0.0604126, 0.0552723, 0.0371326, 0.0850947, -0.0813306, -0.1268308, -0.106983, -0.019255, -0.152138, 0.2025882, 0.1465972, -0.0368719, 0.0574684, -0.0078793, 0.2145836, 0.1059289, 0.1807169, -0.2296968, 0.2277211, 0.0441177, -0.2368487, -0.0547589, -0.0220812, -0.224183, 0.0497131, -0.122493, -0.1907218, 0.1269629, -0.0139974, 0.129288, -0.1374561, -0.2003075, 0.016537, -0.2433118, -0.2275472, 0.0491108, 0.2131294, -0.0601941, -0.1235322, -0.2079322, 0.1018519, -0.1309472, 0.2118543, -0.1580059, -0.1053494, 0.0690512, 0.1317834, -0.1123526, -0.0487907, 0.1933478, -0.0585915, 0.0143057, 0.1832027, -0.0538788, -0.1357338, -0.0342725, 0.1019946, 0.1990994, -0.1485869, -0.2460109, 0.0291007, 0.0683996, -0.0065583, 0.1583713, 0.1238842, -0.115199, -0.0889815, -0.1328839, 0.1927145, -0.2161742, -0.0097851, -0.2120233, -0.2431089, -0.0267632, -0.0998072, -0.2482079, -0.1572467, -0.1396881, 0.0173458, -0.1590382, 0.0038359, 0.057204, -0.1564083, -0.1699792, 0.1420137, 0.0889596, 0.118962, 0.1000815, -0.0427185, 0.0330543, 0.1974296, 0.1389183, -0.0035139, 0.0122299, -0.1039019, 0.2389786, 0.1429374, -0.1323874, 0.0378012, -0.1382693, -0.010118, -0.157952, 0.246718, -0.223632, -0.080612, -0.0405384, 0.2289932, 0.2009899, -0.161697, 0.173932, 0.2144167, -0.1382345, -0.1187466, -0.0533603, -0.0414376, -0.0875771, -0.2298, -0.097289, -0.2098697, 0.1165023, 0.2281501, 0.2141724, -0.1099576, -0.2024807, -0.083515, -0.0552901, 0.203438, -0.1507732, -0.0647123, -0.2335239, -0.0281945, -0.0276598, -0.0266051, -0.0943301, 0.0977364, -0.0091359, 0.1878778, 0.197798, 0.0552441, 0.0158992, 0.0809531, 0.1056202, -0.0855038, 0.2137125, -0.2176469, 0.1209886, 0.1382396, 0.0527343, -0.0921365, 0.1886627, 0.1518135, -0.1286722, -0.2036103, 0.2361404, -0.1526718, 0.0863446, 0.1912966, -0.1936372, -0.1062104, 0.2292313, -0.2277978, 0.191758, 0.2487898, 0.1674169, 0.0121398, 0.1950308, 0.2211356, 0.2077575, 0.1173348, -0.2442154, 0.1215057, -0.2102497, 0.1269249, -0.2319047, -0.1777038, -0.0337053, 0.1820433, -0.1068475, 0.1705204, -0.1927738, 0.0693852, 0.0941203, 0.1377438, -0.2324311], "liveness": 0.9, "quality": 0.8}